keyword;category
biotechnology;Healthcare
biotech;Healthcare
pharmaceutical;Healthcare
clinical trials;Healthcare
medical device;Healthcare
neuroscience;Healthcare
oncology;Healthcare
cardiology;Healthcare
genomics;Healthcare
public health;Healthcare
epidemiology;Healthcare
health informatics;Healthcare
diagnostics;Healthcare
health policy;Healthcare
anatomy;Healthcare
biochemistry;Healthcare
pathology;Healthcare
radiology;Healthcare
immunology;Healthcare
organic chemistry;Science
inorganic chemistry;Science
materials science;Science
nanomaterials;Science
thermodynamics;Science
molecular biology;Science
astrophysics;Science
geophysics;Science
geology;Science
climate science;Science
ecology;Science
environmental science;Science
robotics;Engineering
mechanical engineering;Engineering
civil engineering;Engineering
electrical engineering;Engineering
renewable energy;Engineering
energy systems;Engineering
hydropower;Engineering
wind energy;Engineering
solar energy;Engineering
nuclear engineering;Engineering
transportation systems;Engineering
aerospace;Engineering
automotive;Engineering
railway systems;Engineering
marine engineering;Engineering
fluid mechanics;Engineering
control systems;Engineering
signal processing;Engineering
power systems;Engineering
smart grid;Engineering
embedded systems;Engineering
telecommunications;Engineering
manufacturing systems;Engineering
process engineering;Engineering
chemical engineering;Engineering
biomedical engineering;Healthcare
healthcare management;Healthcare
vaccines;Healthcare
epigenetics;Healthcare
bioinformatics;Science
laboratory science;Science
scientific research;Science
data collection;Science
scientific writing;Science
grant writing;Science
science communication;Science
agriculture science;Science
soil science;Science
plant science;Science
animal science;Science
veterinary science;Healthcare
toxicology;Healthcare
medical research;Healthcare
energy storage;Engineering
fuel cells;Engineering
combustion systems;Engineering
HVAC;Engineering
construction engineering;Engineering
infrastructure design;Engineering
traffic engineering;Engineering
urban planning;Engineering
environmental engineering;Engineering
structural analysis;Engineering
seismic design;Engineering
pipeline engineering;Engineering
industrial engineering;Engineering
operations research;Engineering
systems optimization;Engineering
risk assessment;Engineering
aerospace engineering;Engineering
